data,requisicoes,instancias_ativas,cpu_pct,memoria_pct,armazenamento_gb,custo_usd
2023-01-01,79746.85661204492,9.0,64.33180107393463,58.47481909972897,500.0,42.12552978409462
2023-01-02,107544.14279531525,10.0,65.30679240273754,69.55629725259976,502.42093834021483,47.574748245512836
2023-01-03,110785.15415240279,11.0,67.4495704271428,79.0812044581485,504.36518050332154,49.26540153334497
2023-01-04,114383.7194256321,11.0,65.80236725673575,60.826023782424556,506.4138299616347,39.36264893919896
2023-01-05,107452.18650110665,13.0,60.8918748474527,64.66203071601414,508.5872319491934,51.27338216407691
2023-01-06,107549.45217220328,13.0,65.58929553837625,64.16152554171796,510.88902426633473,53.000364510106785
2023-01-07,84496.75526202958,11.0,68.25332796776698,71.73209840517877,512.8960410318372,43.87841441225408
2023-01-08,81319.62691661163,11.0,62.34121172078018,64.96870826370292,515.1678115783736,26.902153859904114
2023-01-09,106899.70245626022,11.0,62.51009775480494,61.800643658622405,518.5303060244233,46.722235469923966
2023-01-10,111045.04017434386,12.0,67.76776009415218,71.65356949967712,521.4186657729156,65.7432455181566
2023-01-11,107118.32922875014,11.0,72.13597573293244,81.73052113527967,524.213989446913,42.578102946323455
2023-01-12,107206.28098571897,11.0,64.9327740099929,65.99170024935782,525.9495578260938,39.64146344246254
2023-01-13,110134.24908626413,12.0,65.2401161881957,70.79088266129747,527.3381651635113,50.968747005194224
2023-01-14,71016.67102136879,11.0,58.19072787670757,55.086217512010236,530.2024056101014,45.362714508238874
2023-01-15,71840.10466994786,10.0,57.0368423251265,55.84729197601116,533.0032430441254,50.163004679234724
2023-01-16,107208.84988303612,9.0,76.04847470192341,78.20081115094062,536.2813795847261,30.80324100198913
2023-01-17,105503.8755186623,11.0,66.4534549012898,75.58334406371168,537.8981950839507,51.203709674174654
2023-01-18,110909.3893303811,12.0,67.63573102356841,70.88665156278303,539.8145561596625,52.770710348188224
2023-01-19,106117.50369791516,12.0,61.28612373369666,62.46360883434156,540.6029688296421,46.565750246828244
2023-01-20,104197.58519465882,11.0,64.8538922736867,66.87957084606614,542.3889919447935,47.971556237879966
2023-01-21,85022.27507568621,11.0,64.59741109052466,60.42589020257114,545.286248353257,52.119316448640426
2023-01-22,78326.55879805384,9.0,62.951077454821224,68.38343859563382,547.0130520498743,45.77341194692572
2023-01-23,110408.51281875171,10.0,77.91630474287118,81.74470910591398,549.6254358860351,34.266637927206254
2023-01-24,104536.60725514618,12.0,62.86754945682072,63.033587901291185,551.5730334012368,54.158773875355344
2023-01-25,108155.26910189929,12.0,66.21175672017212,65.6191946373402,553.9322790238141,47.34235194899485
2023-01-26,110873.69035883946,14.0,65.97257430657663,69.10745059352155,555.1141259119615,53.24748598649307
2023-01-27,105923.2256903108,12.0,59.11716004405867,60.110129355043966,557.2822934716686,48.28729793604421
2023-01-28,237530.46728519545,11.0,81.45086127601785,57.61060395593125,556.9893846949481,73.5177116344172
2023-01-29,77316.99724032477,9.0,58.024743292083805,71.91840357949962,558.9398677684185,48.26500434344903
2023-01-30,109652.02500082689,10.0,75.84632465079443,74.44193121690557,559.7354891734464,42.694332662965486
2023-01-31,108509.1735510824,11.0,65.49712754876971,65.60600127890966,562.8002847866838,36.631771686949044
2023-02-01,,13.0,78.48156167943563,74.54754031537271,565.5222106688954,48.651840297560234
2023-02-02,123402.01110104825,15.0,60.848142302931606,67.39947369984498,567.9955474544684,57.30996578680771
2023-02-03,119333.1562841764,14.0,64.67745744009599,65.83584508598628,571.3123524361957,63.119711663704855
2023-02-04,92334.01964841275,13.0,66.11627993279276,64.6461587546271,572.6532192195359,53.86384102901136
2023-02-05,84238.22540011592,11.0,69.53207366355907,77.23217909221232,576.1511097778683,37.046585849661696
2023-02-06,124723.45438001901,11.0,80.09040431249888,86.1703384725673,578.9968630292766,66.64950564378161
2023-02-07,116157.31950448091,13.0,69.92809036334174,67.94035446197987,580.9076187995015,52.878891999892744
2023-02-08,118791.25580440628,13.0,69.75991110016592,61.47522912332967,583.9161149172478,61.15576534334592
2023-02-09,124999.44494347648,15.0,65.77433546514929,72.65703682130403,585.1310801073186,54.79484506206142
2023-02-10,127273.86631998164,14.0,68.64567091001206,66.49338759920963,586.5714687780965,58.13629712541215
2023-02-11,90273.63312475987,13.0,57.29797138571441,64.79150510438538,588.1845969995046,55.61839114549623
2023-02-12,89203.32687044704,12.0,57.60464688009262,51.23319841551492,589.8614148330535,56.26842431341157
2023-02-13,123439.58521764285,12.0,68.87671201314902,74.56435630201577,591.1161687188452,57.447785641380534
2023-02-14,118837.91203853031,13.0,64.9930021188915,60.938542048709294,594.1946351725215,57.94145488765694
2023-02-15,121980.62316642117,13.0,64.53977967329885,70.2856443339717,596.0875516522257,48.670911474696155
2023-02-16,123125.44491616086,13.0,69.38556893286972,,598.4695556269111,46.701890357629054
2023-02-17,129304.48890487566,14.0,69.76080770522283,66.03894906719505,600.1132745337802,56.68687012755386
2023-02-18,91506.95315827383,13.0,60.12278823643668,61.06304902451545,600.7567918933414,56.466105413242495
2023-02-19,83158.07937854905,12.0,65.37271296931144,70.72976266023267,603.0728377800546,44.315971951340714
2023-02-20,126696.33587757917,11.0,67.78134961594523,69.75455195833237,603.6430337997188,55.45030490148058
2023-02-21,123967.67087833473,12.0,68.2391669248035,72.51339844220522,605.6881265628502,60.65896716416105
2023-02-22,122908.31199877616,14.0,61.78916977214162,74.31353874029071,606.6934745317841,46.23996277513223
2023-02-23,128170.70515536348,14.0,58.24599368125152,53.775586886445964,610.3832953311687,47.256885667236496
2023-02-24,129955.9980899838,15.0,64.00154343221323,74.28729762061371,613.2123855089086,55.26396088679298
2023-02-25,94401.9204764648,14.0,58.45084296609576,62.28245406049268,615.3969885419257,53.98564397770118
2023-02-26,87397.68990710944,12.0,66.50864412446411,63.71299505795565,618.5079538840494,42.218286994486576
2023-02-27,124919.15049659513,12.0,71.75973894505,65.75622302734506,619.9309011020769,59.93508062420359
2023-02-28,127589.05372561426,13.0,63.46758982126199,64.82846990312443,622.4656846050129,55.008170451922346
2023-03-01,130274.18050848943,13.0,75.56080213098113,80.0568922644072,624.7255329519879,52.12627362446701
2023-03-02,124563.30304861884,15.0,68.20670157421114,68.92761565748124,627.0367490170548,44.52200980279875
2023-03-03,125845.36409334473,14.0,67.57404764954677,76.61501277087416,630.1546318171402,43.273458234360575
2023-03-04,86795.78010397589,13.0,,54.02045958562395,632.8406254993641,50.934547982623556
2023-03-05,86514.0535036773,10.0,,63.30746422250224,635.171604429624,24.695211739755454
2023-03-06,130162.1032895768,11.0,71.74415863807097,66.1333596883912,635.9476944806415,55.30433061310393
2023-03-07,132444.96011428328,14.0,70.92458674587373,73.55782880982383,637.2796574444179,53.01538744395722
2023-03-08,126839.95951367865,15.0,71.28718099852215,,639.2814902975413,82.12733665097085
2023-03-09,131250.1315915681,15.0,70.74754692545831,69.49422857196139,641.4561881969627,74.96512255713947
2023-03-10,128790.54410019053,15.0,,51.70585480915237,642.6520252172235,54.87402650723345
2023-03-11,89184.96098157951,13.0,54.78904780553725,59.82597897841228,646.6813665576863,48.01841021811743
2023-03-12,93288.78242203365,12.0,62.39716096585201,67.10142153134916,,54.827773549117445
2023-03-13,133820.14626586388,12.0,64.24595330960129,68.41823642248953,652.576176458203,63.40873981243779
2023-03-14,127632.6958435602,13.0,68.86643641777835,76.27206009333344,654.73380594723,38.53928422580775
2023-03-15,134142.57462325605,15.0,64.52572803382162,61.26531402881206,656.6640387713092,42.43070407976162
2023-03-16,117513.01958364103,14.0,61.7099712236689,67.76905750618738,658.0025040032914,48.245127551989626
2023-03-17,131387.61001750088,14.0,59.978666521336535,68.9454707794591,660.1644884181064,58.883934694438196
2023-03-18,92657.94827295268,13.0,62.07222208364541,55.76483974688375,662.4706904502206,53.106255195725204
2023-03-19,91191.49059813652,12.0,59.211955486597454,63.967823518872855,663.5772819898353,55.280701545795495
2023-03-20,128791.04310614201,12.0,65.46301544929786,64.84951320439993,665.9446231236312,39.83393242111454
2023-03-21,120581.72434159643,12.0,56.73229775373657,59.97822483748102,667.9204158845715,30.312805567688766
2023-03-22,127761.31244864997,14.0,65.51995284939704,69.15434469720931,668.4941698382695,60.831440255595965
2023-03-23,130176.45028604698,14.0,73.20351617163892,71.12667011674338,669.9058618296459,47.5167287309429
2023-03-24,134767.5761789661,16.0,70.30112466594453,67.86235933694756,671.6749774029087,42.93431338578536
2023-03-25,90780.99912690542,13.0,57.78394056764177,61.39791454155355,675.2851275287808,50.16646050258431
2023-03-26,89697.86558842726,12.0,58.58433765375232,56.43124042868784,677.8303700284079,52.97132177847129
2023-03-27,127172.97182566185,11.0,74.3448977780007,69.04679257797464,678.8619847731279,46.04445776947017
2023-03-28,132949.60847080828,13.0,64.72888952291952,70.17997803311815,681.3508138046619,48.383953677688524
2023-03-29,130711.00443863873,15.0,65.68079712637882,61.80066752530978,682.2129706135113,55.219324406551756
2023-03-30,127384.95918493182,15.0,66.9151997125202,71.86372227456222,685.1791234566209,53.2923589567589
2023-03-31,131665.0697324534,15.0,69.55999650662955,72.9609536695734,686.9022237351667,45.78213316341227
2023-04-01,93786.71019739215,13.0,59.861063059481594,54.25981680363229,688.9273147841753,43.51537532628998
2023-04-02,97350.73996213156,13.0,60.21695729785124,59.785742576602715,692.087952102209,53.66209328066235
2023-04-03,127127.7876244906,13.0,63.95275485047093,72.13275089561361,693.1582212473417,54.21005034293162
2023-04-04,128733.3514136089,13.0,64.50402975656327,61.69739614955221,694.1405266992513,53.09745415331716
2023-04-05,128583.56738747137,14.0,64.889048278363,64.58921731114347,695.7736472381745,46.0862554599535
2023-04-06,124405.94020747152,15.0,64.76256504245595,69.12035650022423,698.7043503189899,54.600875733097176
2023-04-07,131552.4811082583,15.0,68.28552162407016,73.5453698456691,699.5888734586084,39.151609737903364
2023-04-08,94986.94108871954,13.0,57.308261425173995,59.58891470991672,699.42314898012,50.75509748368901
2023-04-09,94040.93382656985,12.0,67.98040626285307,66.39677403682424,701.1622218933928,58.38736660147317
2023-04-10,129753.65146649942,12.0,69.2834804405799,77.53863366095646,703.7036145333216,37.736711953726655
2023-04-11,125138.51703179836,12.0,69.20236430074272,79.05638975958207,706.7638239331126,44.51240410476282
2023-04-12,129225.41870893857,14.0,62.93487799647869,70.24219265109194,708.4932948434442,56.73626256943792
2023-04-13,290413.3095522169,14.0,91.38215617269314,60.47536170664497,710.2641535577515,89.61314376676314
2023-04-14,127914.89092311352,14.0,69.19700321111867,66.31627396069031,713.2872741451561,50.426928792907596
2023-04-15,93841.89715333596,13.0,63.22097754284727,61.42456000149499,713.8914807853998,43.717930762848496
2023-04-16,96181.00342725815,12.0,61.385210744233035,66.72073912171521,715.6806641652533,31.370335616627283
2023-04-17,138992.7436048421,13.0,70.29595296591289,73.32875347717373,717.9330032771933,53.33739787652599
2023-04-18,132254.31125132737,13.0,70.63597615035464,78.51677388501587,720.3923782542214,68.36321955457376
2023-04-19,132694.20156289104,16.0,57.04195977745537,63.885818284645,722.0845328996687,61.19044835013531
2023-04-20,131474.21633693532,15.0,62.50031853247051,57.484853317177325,724.2120857090334,56.403141008499894
2023-04-21,124204.91513880383,15.0,66.43252287475184,73.40575638841608,724.321423826303,58.63472546772993
2023-04-22,,14.0,54.025670620059174,53.23023335947528,725.8948250964359,51.55840525818908
2023-04-23,95350.0408397641,11.0,65.51900234681781,65.4953455176925,728.3576320664795,38.26349548029961
2023-04-24,142056.96844994114,13.0,65.26365796486219,68.46192740314822,729.6717968390757,59.3257560980607
2023-04-25,131542.5561408755,14.0,68.25428223828659,79.58176323954909,731.8189842163474,56.09421744826961
2023-04-26,133626.18936933446,16.0,63.313171413289474,81.20012991065839,,59.18893695309437
2023-04-27,132389.15292117902,15.0,58.32730981187579,64.69546314518155,736.1024428563034,48.85343599828873
2023-04-28,127961.28784952188,16.0,67.12032050817344,67.78027331293681,738.3388138731007,69.07133593794636
2023-04-29,100146.97125806008,13.0,58.697383755648865,64.63043524692185,739.6686278208729,55.04728317457454
2023-04-30,98661.1721307471,12.0,59.849978132107495,67.31825963505518,741.6033387971162,42.896800254219826
2023-05-01,136124.1277881722,12.0,72.66121903612569,,744.1915117327875,58.03408285586569
2023-05-02,129430.45018082105,13.0,72.55670177691492,82.02141820109355,746.4170901015622,47.862678808348655
2023-05-03,138787.1772437444,15.0,61.9224816619268,65.68833912549846,748.0478650859111,50.870152184693836
2023-05-04,127676.59574883088,16.0,62.65810977728555,67.61520326728542,750.3272382093437,52.5543408367007
2023-05-05,135739.42837520107,16.0,65.5419454420343,70.76317761389974,752.998926041853,45.04598959494184
2023-05-06,104881.82250323992,13.0,65.43108967888942,69.45280479618381,753.4589730189911,53.853482142893476
2023-05-07,92235.61469947724,12.0,62.29289533328633,69.02901876897712,756.4862322709557,32.21977800972995
2023-05-08,131450.8090815889,13.0,66.930519327354,65.45814952914859,758.3172284800108,42.170284145582976
2023-05-09,134222.60546035058,13.0,65.68708864626193,64.75816214727938,760.757620426603,35.5945710295107
2023-05-10,131918.0973835352,15.0,65.04421468766509,61.534600585273594,763.8154179655193,55.955137289727624
2023-05-11,127837.34627573547,15.0,59.64702509089571,64.9151262258177,764.8180790077348,55.14808577691725
2023-05-12,134422.2518992241,14.0,55.280851983877085,63.11936410466224,766.3505262057928,51.90836783467767
2023-05-13,92415.10514509557,14.0,60.28550006055905,65.51726437920667,768.2196872490923,43.15823443997324
2023-05-14,98636.44972254072,13.0,64.92515637890202,75.3125872698593,769.6926844321927,40.266052077261165
2023-05-15,130794.30306306478,12.0,61.1598026529829,63.89986202824109,773.1806336928622,53.37292054807778
2023-05-16,140779.73762007017,14.0,64.20269713257993,69.70586598402652,774.5952160178007,50.581581987257465
2023-05-17,131554.98683065505,15.0,67.1082693212208,63.22811107628008,776.2507785942112,59.15795122101855
2023-05-18,133507.7539351773,15.0,73.22725982677007,71.64630934904405,778.5142898194937,49.68742974986727
2023-05-19,138158.06886947868,16.0,64.33440425242718,69.94521218977063,779.6525701986327,60.85761653792342
2023-05-20,92285.18273426418,15.0,54.3669723786064,62.73908845660084,781.4360256292277,64.22985840837794
2023-05-21,98196.23973841651,12.0,62.25058779695594,63.33063549924384,783.7899882382279,52.00836132195756
2023-05-22,140456.57101712973,12.0,78.37242730322859,77.33994558329255,785.6236999147218,47.06387407076945
2023-05-23,128906.0670617551,13.0,65.2650079420773,59.622637620257805,787.6489904276019,53.89469281728827
2023-05-24,136182.5354341292,15.0,62.301321706469416,63.0559113611425,789.3255247376433,55.04497072398113
2023-05-25,136591.53117699368,15.0,63.64369382023509,70.36687087378701,790.2139484902987,57.063462416143935
2023-05-26,138787.29148710924,17.0,59.11532409180969,65.16828435398058,792.57122305937,59.16343450756269
2023-05-27,92805.15715648766,13.0,,65.93557334785113,796.0751695166878,47.92961396481344
2023-05-28,92548.8935476629,12.0,68.1591637664994,69.77619944910433,798.1898908213145,48.62021274298814
2023-05-29,138071.7662624676,12.0,73.60709110644555,73.92098867829733,800.4701021151127,42.25599131919698
2023-05-29,138071.7662624676,12.0,73.60709110644555,73.92098867829733,800.4701021151127,42.25599131919698
2023-05-30,137279.93869293274,15.0,64.69414764265768,63.453712416758904,803.1242803192062,48.93285358488272
2023-05-31,137201.97140138352,17.0,61.499487399987956,67.69373202100303,804.2088159219687,50.554761602456765
2023-06-01,137693.79283798792,15.0,59.5282862535161,64.72749372475984,807.6708276484724,44.29099854950262
2023-06-02,133695.90111368604,15.0,68.56494472814649,72.31205002248119,809.9326906856106,47.06879173861387
2023-06-03,99226.29478864401,15.0,58.26725206069514,58.98362743521822,813.338176204882,55.60355254763914
2023-06-04,99547.32989319472,13.0,60.78428389763963,52.86071251875549,814.8517498084627,42.6018273032281
2023-06-05,133882.59432789453,14.0,79.63042426283471,84.19010296903626,818.406199346509,58.6319072582895
2023-06-06,144311.09804457903,15.0,68.21504996428403,67.17785269138521,821.1263237417368,57.85763923076552
2023-06-07,138851.33168364715,15.0,62.990616671737435,61.078614517174344,823.6687558104187,41.44074155317283
2023-06-08,132298.7860111894,16.0,61.517304545008024,67.6812381955764,825.9559753739013,64.26255018103248
2023-06-09,139798.21443453533,16.0,69.13291108851713,68.34626567121805,827.8571524794417,66.0505510875878
2023-06-10,94942.87331909071,14.0,59.49943441068526,67.89922944878133,830.9175778062207,43.778022289947145
2023-06-11,102067.69841496981,13.0,56.2975920137152,63.12310335885565,833.1298657020991,53.30113952607603
2023-06-12,142130.38231602963,13.0,74.38276125210781,77.92405561768864,833.6562099392295,45.972538055100614
2023-06-13,134321.27072659315,15.0,62.477020139717,,834.8624607698639,57.65255572622495
2023-06-14,141565.5045169773,16.0,72.34253617994436,78.9337488708875,836.8137841681097,49.582286304111534
2023-06-15,139471.12370774598,16.0,68.80190546585507,71.34777702885333,839.1617833546421,45.204426653919654
2023-06-16,141216.24063997797,16.0,62.99875033550553,63.552614572173404,841.2165125635222,56.6139644688067
2023-06-17,106973.09193061579,15.0,65.15313516851398,67.83945047152245,844.2916891953571,53.91952134385542
2023-06-18,98482.1275359885,14.0,60.02777949025786,54.141047427714696,844.8308077041263,48.81297925291417
2023-06-19,135237.05534257003,12.0,75.06242357104163,77.09320291423666,847.0456780533304,40.56222520539211
2023-06-20,134801.9422814979,14.0,68.98135432654641,65.03822592032677,847.6912946730206,51.412444006468064
2023-06-21,135204.75886013824,15.0,61.92958945580544,57.780320135426685,850.3990645094079,59.10107327469971
2023-06-22,138267.59316234358,15.0,63.31428546351334,58.039632439721224,852.4234975378544,56.80964714815413
2023-06-23,140048.6078992666,16.0,68.70292370963662,75.52578084265893,854.8591855154738,61.06290005576943
2023-06-24,101037.00319732007,14.0,58.9297860382334,58.997511862122785,856.2680791470019,46.82621482058588
2023-06-25,103316.7329961441,13.0,60.70595148488168,71.23339973748784,859.3916510923281,59.42341502595577
2023-06-26,139060.0075675116,12.0,68.72557496856699,67.30145265959212,862.325030823575,40.912049709387325
2023-06-27,144930.13630862927,15.0,68.83034000760557,61.527482218119715,864.8918662659846,61.558535955052314
2023-06-28,138165.37266704818,16.0,72.50261115244972,67.41946672221647,866.888252468494,68.93164990259967
2023-06-29,150212.6766663585,18.0,59.16738363862153,68.51296501093192,869.45213829673,68.80115743466314
2023-06-30,141942.66939106002,16.0,65.01242759010547,66.23045118240105,870.9866242423401,58.13143479155681
2023-07-01,97045.92977433487,15.0,63.819243184078495,63.3139580648098,873.7710687695567,49.9908217231716
2023-07-02,96268.75000775555,13.0,60.47933364120301,64.18355804222635,877.1906534850159,57.84456404326696
2023-07-03,141693.88966097275,14.0,70.23449385778514,73.69650876706584,880.1471419329993,43.74894012897862
2023-07-04,138978.1488586966,14.0,63.63063171796788,71.49149945388662,881.6634599571532,47.17737462075616
2023-07-05,142836.00197636837,16.0,66.78558704262323,75.67096578356322,884.0525938109718,56.645503673619835
2023-07-06,141980.95049829417,16.0,64.1736922813525,64.54011059613657,885.1180805759648,69.66644902441475
2023-07-07,139904.68434937252,16.0,68.50073716338694,63.17035130029937,887.6759928249054,62.65582995598108
2023-07-08,97631.70512772637,14.0,64.33529964265236,64.40091390850552,890.1364755551955,44.22355466570666
2023-07-09,95037.25110125654,13.0,70.89010077027065,73.01348314913096,890.7406224835697,46.99512158011531
2023-07-10,138733.9401917319,13.0,72.29061090465419,68.01369409267029,891.9111954084398,47.71005712418081
2023-07-11,144053.5951772939,14.0,70.20156905655958,66.37550067077245,893.7846842910446,49.634781839520016
2023-07-12,141592.3749765208,16.0,65.63159891997286,69.22421854372773,895.6439964933321,67.5764278640753
2023-07-13,135861.04488515205,15.0,64.02523039052647,65.97692255456893,896.7764149449971,46.055578782414074
2023-07-14,141644.7237034047,16.0,66.2171859897292,68.1377337688413,899.1875979284788,72.62204411093197
2023-07-15,103104.46951891534,13.0,61.093082299080706,60.08198916576422,901.4887768156312,56.69250072239754
2023-07-16,98105.53025519547,13.0,61.86856108643375,63.34284529811817,903.4333615100484,58.435123787028026
2023-07-17,141890.90042378212,13.0,75.92449799208231,71.11843267232433,904.9287283099217,49.15840742601452
2023-07-18,141616.834873784,15.0,62.48940864049297,69.4425189680183,907.867694011055,56.252918257021385
2023-07-19,136920.1188086775,16.0,68.59344321334171,75.05100124429214,911.2920197015256,47.95569125313159
2023-07-20,358167.3524030276,15.0,100.0,63.4081389831465,913.0051705144483,81.56817293153917
2023-07-21,143951.13810547293,17.0,63.30946826552186,,914.6154369807244,66.18292589309115
2023-07-22,106439.7249727011,14.0,52.86529998727095,49.80959371436637,917.1084031130541,62.99128113467232
2023-07-23,106400.4882081396,12.0,62.471035129660365,61.7267084316938,918.9219796092566,39.1560874676002
2023-07-24,136521.32252817164,13.0,74.68204251352992,74.32844416187214,920.910461848726,49.56351908023026
2023-07-25,138388.6998403395,14.0,67.67048506464431,61.88816195322279,923.6021843701056,53.717687634661345
2023-07-26,144308.14106883464,15.0,63.02227575331495,60.808521537025406,924.1746995000998,46.492406475699624
2023-07-27,144411.14380364883,16.0,63.32974753113104,60.64401116449734,927.329341359982,64.70334878297258
2023-07-28,144524.1907452242,16.0,68.73117073285962,71.02127323328243,929.4874857794455,54.19042615214618
2023-07-29,118062.76596261888,15.0,64.29237526090823,66.78062189390783,931.2582912637957,54.21136102986128
2023-07-30,105013.16204277266,13.0,61.73131344517021,60.7763629894499,933.2869039404185,46.61287265147226
2023-07-31,147330.2625607224,14.0,68.08841365696242,70.35483528626693,935.3568474244349,49.26617777497335
2023-08-01,146712.0070539728,15.0,65.90253909931208,64.98863085651334,936.0718863816791,57.78455973693423
2023-08-02,145609.56500522318,16.0,61.869568331983274,63.13737911395635,939.3678369636417,58.34319406017068
2023-08-03,141850.92302143862,17.0,69.89627480021716,79.28428029166642,941.5008974694581,59.12822075404084
2023-08-04,146255.87688197306,16.0,64.38337592420716,73.20900599831747,943.955299173816,54.29042922475925
2023-08-05,100104.85914184971,14.0,64.95052537652366,60.46251411658094,946.8165389902751,54.74563990436937
2023-08-06,102326.64557303996,13.0,68.19191107454682,73.70219094903332,948.099609024227,63.27533299611573
2023-08-07,141602.5458086836,13.0,74.58505531582564,78.72502702511846,950.5783865434553,53.99525792395488
2023-08-08,143979.4965575453,15.0,65.23146979067187,61.443859388774406,952.4642736707361,65.62569208124654
2023-08-09,153018.63426669405,16.0,68.47466178482044,73.87361764663066,955.2416902909093,49.49191822853064
2023-08-10,136398.93922963302,16.0,63.8456625956014,73.76618966854389,955.6399083546281,60.679472401955614
2023-08-11,146721.04076149806,16.0,62.13950173074722,59.0988773533757,957.6606329144352,51.383174868293736
2023-08-12,97289.61651524137,15.0,59.5134246916174,58.023225648222606,959.278376389808,42.48489972407436
2023-08-13,101930.51253684226,13.0,57.30490712743715,65.93223303616723,961.7241867503153,44.113347519488926
2023-08-14,148655.80238786945,14.0,74.57234348940297,76.01535134565061,,65.23363261751201
2023-08-15,144665.12007638186,15.0,65.22785433381934,69.93966484325308,965.7341213843522,65.31641143458467
2023-08-16,140205.02088828277,17.0,63.96749603550664,67.87694291040779,967.2643822930114,63.948368640149525
2023-08-17,141762.78516296012,16.0,66.01712572367644,69.76718018358189,969.2758499981655,47.55242753761228
2023-08-18,147450.3909957387,16.0,64.84671393932979,60.24501050990842,970.6585362163133,58.654354485022196
2023-08-19,101363.33347313145,15.0,61.32550375065778,69.29699153363347,973.432123172675,57.01805804237841
2023-08-20,105228.3943583279,14.0,59.21010167079568,68.21603129877542,975.236757412317,53.984415744444505
2023-08-21,145238.28735961526,13.0,74.86246645935819,73.74301944714641,975.0111668368597,38.40631658328793
2023-08-22,142557.59860957673,15.0,61.30780375201857,63.82885825254556,976.8113091915624,50.45049298611075
2023-08-23,153847.7763573013,16.0,67.51080111486401,61.35310337911261,978.0804741348871,60.17827948137271
2023-08-24,147915.67608927205,18.0,70.83483287068438,74.23914007663669,978.8754534825184,69.16272713556837
2023-08-25,137387.42965336956,16.0,60.11463190515363,65.95199273269363,979.9855121719403,41.93819459224153
2023-08-26,,16.0,55.820851415231274,59.345726047188464,982.1730389494068,55.921403008675945
2023-08-27,102259.73414092643,13.0,64.14782272077306,71.94002497597097,985.3359516120054,51.21451524674752
2023-08-28,149221.7333391849,13.0,72.95618800276395,71.69456424731146,987.6864991910973,60.250087024597526
2023-08-29,142749.9170462692,15.0,68.13025154581197,72.32723086611757,989.3012964805247,63.13931902853261
2023-08-30,145569.05423413237,16.0,67.50884663416986,63.908755613875314,991.7660198366611,64.76589640386942
2023-08-31,148155.94911592183,17.0,67.01529265605788,68.49447337047512,993.498747588486,56.19738665588208
2023-09-01,149707.0207766805,16.0,70.71724503955913,70.70202474213312,995.0430672931557,45.14175475052596
2023-09-02,100572.2543717769,15.0,60.46988575162824,64.5024482115073,996.2195771585692,51.42054860076497
2023-09-03,104113.1950566362,12.0,63.40196678585556,63.873938784517655,996.9181141131678,55.921508533233045
2023-09-04,144668.21875535618,13.0,73.94441446222783,73.49816859142392,998.7061751479201,64.28142270486117
2023-09-05,144062.68306970515,13.0,78.72282747719093,82.10849783896029,1000.9326179398563,58.77628767315495
2023-09-06,153845.8169611244,16.0,66.4744038734642,65.99570191258029,1002.9553190038445,64.14455781485111
2023-09-07,148511.92684384383,17.0,60.63709959219474,55.47679417006239,1004.7225454614866,65.66826320469829
2023-09-08,141956.4641826598,17.0,67.88053086302178,78.05234421144452,1006.0659486129291,57.71123267433517
2023-09-09,109589.2077882191,15.0,60.03737260991985,69.93716848138831,1008.652545566277,54.183240897256965
2023-09-10,114484.14478805053,13.0,56.04247461803639,53.37266621890102,1009.6988400303198,64.32151707537352
2023-09-11,151453.86104220457,14.0,73.7726271518667,77.46664074771934,1012.4196623613947,48.39640235651412
2023-09-12,141354.52013618394,15.0,64.32515174898923,63.94524754643468,1013.7178887462533,70.43293949018951
2023-09-13,145603.063708535,16.0,65.19593475198452,68.47418387824291,1015.2159405563708,57.54952757217127
2023-09-14,152715.64459674648,17.0,66.55762192762765,69.71721818716959,1016.1425124038782,73.54602587656935
2023-09-15,144925.32213752487,17.0,64.704683159331,65.5917075258832,1017.8413906863698,51.128448184114376
2023-09-16,108237.35771258491,15.0,63.103591354804536,61.564044755911645,1020.7216406531522,59.822876622457386
2023-09-17,109638.37621371735,14.0,60.252450909301515,59.74925546585992,1023.2341431239073,47.040281509535
2023-09-18,144372.27811368767,14.0,71.01473750679318,67.23083042802833,1026.1168808135296,44.11535609741571
2023-09-19,147949.8985757528,14.0,68.6418288804294,65.75435206319129,1028.6345948502767,57.44528489279365
2023-09-20,135330.93063972372,16.0,66.71021674083771,68.0322819424234,1029.8516589874525,67.4731542533849
2023-09-21,144306.44943466285,16.0,67.7919398891377,65.6547519657564,1031.6870276079906,53.28549290504722
2023-09-22,147501.72739442735,15.0,63.875679901026174,69.51080424938404,1033.1628683046965,45.9800882210985
2023-09-23,,15.0,63.444721607932415,73.19200806302557,1036.3273282279279,53.96485874722256
2023-09-24,113613.80521572653,15.0,59.12858758708915,59.40260386282111,1037.4698973107866,54.83610493325314
2023-09-25,143115.43448815748,14.0,71.94241192172274,73.75095204005508,1040.284855462298,59.74442002610442
2023-09-26,147183.82205321206,15.0,69.02706106663906,72.72007440482592,1043.099218558385,65.55370115964193
2023-09-27,149574.96230914438,17.0,72.06357246765482,75.01086932872022,1046.662914719758,62.26451740403026
2023-09-28,,18.0,63.27892442041485,66.00291587591231,1048.4351654456543,80.27443351911347
2023-09-29,143524.55139528224,17.0,62.31400005852658,68.56461213861989,1051.1050231733184,64.10149284117553
2023-09-30,112203.37500861984,15.0,60.930681533934056,66.15578999055053,1055.0303446425496,52.67608755012473
2023-10-01,107669.41224407834,13.0,62.048178961358765,58.45023105745052,1056.6362313010027,37.621746586081784
2023-10-02,145665.9653958082,14.0,72.4216066601133,77.283065650037,1057.5081991029767,53.45342963194779
2023-10-03,151548.41389705308,15.0,61.90987221757872,68.96435196039668,1058.1041910758504,55.59160345045689
2023-10-04,150604.2387822939,17.0,60.66615181009828,59.71649092718572,1060.7743606989395,70.50720390577945
2023-10-05,147515.1324913648,17.0,60.09932767357273,63.2691513160962,1061.3678405324927,66.30267387632135
2023-10-06,150303.20833996008,17.0,68.63237950427929,73.32254856747879,1063.1699852901424,53.36997501613863
2023-10-07,106553.78561255295,15.0,66.7930145390415,67.38784253333638,1065.6198358397735,56.42688286286927
2023-10-08,108626.86938100499,14.0,61.37368259180908,69.46383631227732,1067.8679762692375,58.268082751071205
2023-10-09,152996.52269808418,14.0,70.01712467849185,82.83306221589028,1070.3083321605848,68.31657023068783
2023-10-10,156800.06726458142,17.0,66.184684663607,64.01781756771068,,70.37995264146367
2023-10-11,145612.7380046926,17.0,68.70376359581184,63.05778786088059,1075.7092566958763,68.5636008009632
2023-10-12,159204.13349862507,18.0,61.13102967365595,65.42391671694914,1077.047403591285,66.24112191157565
2023-10-13,142971.64880191,17.0,64.57339976945929,70.26653234119814,1078.6058074805183,65.39538587619352
2023-10-14,108032.21961985767,15.0,64.12816564581983,65.14820064743203,1080.0876799243017,65.16242623955432
2023-10-15,111070.3888259383,13.0,66.00002169860132,75.06632067548624,1082.8518333737916,40.11703522121694
2023-10-16,152227.96747094012,14.0,71.29655928292254,65.3442184277218,1085.6721522445077,53.25324769022616
2023-10-17,148721.20192071763,16.0,70.1095868065273,74.5522625603799,1088.1331324999626,54.22561194982505
2023-10-18,150487.5109985709,17.0,54.048668062287895,55.20963034603585,1091.1799274334744,65.87289701940509
2023-10-19,149455.99626136466,16.0,68.9458839923975,78.75359672495449,1092.3374947395735,70.30406788199156
2023-10-20,149178.54097222316,17.0,62.02904342970368,74.58581150960353,1095.771274028814,57.97315196632024
2023-10-21,112582.08838808408,17.0,51.27682272926417,52.1881752444946,1099.0898649261842,40.99411098729662
2023-10-22,110689.50194386019,15.0,62.769720857992084,62.46799100685077,1101.7783625239808,52.0765749243639
2023-10-23,149088.3616189574,14.0,75.40303519916709,79.62036759423268,1105.3038016509975,63.145551473969945
2023-10-24,155566.39950173302,16.0,66.75716293285018,66.47007709733256,1106.0785030848556,65.21381350675554
2023-10-25,153305.19808350643,17.0,69.13859718449245,70.08382165793277,1107.7589445758451,66.48074610200521
2023-10-26,,18.0,70.7015315493159,71.68816734216477,1109.2707018072997,63.27384674661538
2023-10-27,154810.51536769446,17.0,70.83544583265376,62.06999088513472,1111.9478852663055,52.934604595419884
2023-10-28,106412.0199563117,15.0,66.4838757227807,68.11791184775338,1113.2077726746238,59.197479302234065
2023-10-29,107565.03583921211,13.0,66.20685858015179,64.51684799380057,1115.913768794094,43.877961989555075
2023-10-30,155605.17442049304,14.0,71.5174639833577,69.7483570746873,1119.110197709291,73.79033091022961
2023-10-30,155605.17442049304,14.0,71.5174639833577,69.7483570746873,1119.110197709291,73.79033091022961
2023-10-31,155165.48106173385,16.0,60.82871953293262,70.88113564369017,1121.7663600293583,65.45999317930348
2023-11-01,236805.99362414342,20.0,72.26946603706415,66.53303835825506,1124.0933608482876,71.34665003049041
2023-11-02,237526.30953323512,25.0,63.31090726986925,69.71475174963528,1125.403062175567,82.6736213216185
2023-11-03,242335.05958315366,26.0,74.86080206095116,73.49382699710189,1126.8255814026668,89.47247024948707
2023-11-04,168555.81044465667,23.0,59.878731949066065,61.504184716773686,1129.9252765269039,76.07827902117857
2023-11-05,173231.01352468017,22.0,62.60748877035992,69.03785049654651,1132.6487557300284,84.9636672240763
2023-11-06,236917.82939026444,22.0,72.45086935662572,74.66095195814503,1134.7175401145262,82.1073631881392
2023-11-07,237023.27518709112,25.0,66.80179215994988,71.29449871405757,1136.4832124779134,81.6839256984354
2023-11-08,242456.50740794875,27.0,72.00034859077874,77.4412021752873,1136.9625661794246,107.66006531535614
2023-11-09,241530.46539595214,28.0,,62.732211334139954,1138.2058842444767,95.16928467192443
2023-11-10,241650.23854400255,27.0,65.9147067662454,64.67058174045758,,98.63294143121355
2023-11-11,176987.70722861734,25.0,56.91305679993741,55.10469280716094,1142.9106550573867,78.35353436311303
2023-11-12,171970.33536653104,23.0,,55.448252371355935,,81.15674688484745
2023-11-13,241626.21188517986,23.0,67.0577931222998,83.39170662438347,1148.0681940929198,85.75815280034976
2023-11-14,237824.7329736262,23.0,68.89252539514881,76.33741821980298,1149.1642559585177,67.87921236690008
2023-11-15,240529.86540995378,28.0,62.40896565201624,,1151.4120243383427,110.83510041186119
2023-11-16,238880.02778252927,28.0,61.19100485812372,57.34051410278113,1154.2623567683513,104.92145216124489
2023-11-17,239955.98385997087,27.0,59.3347719864756,64.87714789777294,1156.372356225877,89.19382044852317
2023-11-18,174990.11610174764,25.0,59.32610588362534,65.1972086937901,1160.7670786704107,74.27105186265962
2023-11-19,169457.13326706612,22.0,55.6140145292115,62.23563079995603,1161.5321992633078,78.55991452509238
2023-11-20,248439.74910274186,22.0,74.75603986841558,73.53005292696399,1164.4791820872151,82.16201090364612
2023-11-21,236213.53047400113,24.0,67.97185798294171,,1166.440940697298,88.04299717050183
2023-11-22,235548.24554884908,27.0,58.67134620324198,63.57647458339037,1169.1584768211671,93.59644768129941
2023-11-23,245204.84349400026,27.0,64.26918798347916,66.84481541824998,1171.6115225425267,96.81091214663137
2023-11-24,243906.45077585176,28.0,61.45623488583493,53.06848604493027,1173.1249975848384,106.5511058824775
2023-11-25,175949.66326820862,25.0,61.043022504124465,62.68541985042361,1175.408194698806,87.71434767894259
2023-11-26,176087.09403705713,22.0,67.84107853843068,65.01583065944297,1176.0218735376875,67.87064354910082
2023-11-27,241193.01290861235,23.0,61.9512818725875,65.43708259261255,1178.6044715381445,94.16199651263229
2023-11-28,237820.38251405666,23.0,69.50024566724507,85.52649154681312,1180.9429983109371,96.14537368095677
2023-11-29,241880.01823277492,28.0,63.62106947225342,67.73426390517426,1183.5539264458514,120.05120653246496
2023-11-30,620329.5607067661,26.0,100.0,68.23713464014949,1186.5004211059213,127.80441665406403
2023-12-01,245812.078933671,27.0,66.42197498056616,72.7465874943392,1188.8945169780889,94.76101158477638
2023-12-02,173708.65047399144,24.0,57.31979695538139,63.26927700035118,1191.1129885139276,64.05941983314281
2023-12-03,171115.41921282996,21.0,61.60859575522363,66.38734905643811,1192.5081338445987,78.04375967030496
2023-12-04,241128.25663338808,23.0,66.25996096393139,71.04222173722347,1194.038357233679,78.88306149948225
2023-12-05,244232.9258171025,24.0,72.88457046457113,83.59037419580461,1197.0877449298212,101.18610428854387
2023-12-06,702158.2110230604,27.0,98.469084060334,61.42653498524236,1200.336813254386,116.7807589850434
2023-12-07,239627.11841773428,27.0,72.53059624701957,75.39263738167294,1202.2463249053362,78.86941040476621
2023-12-08,244058.14884596763,27.0,65.14410271739877,62.48337652401132,1204.383127103139,88.93343718873524
2023-12-09,176120.4422844349,25.0,56.9518828446863,63.33906950746029,1205.7594356031439,67.40118524203795
2023-12-10,173233.33129851546,21.0,57.11320145167115,56.097128603906455,1208.7976410793578,79.79234034771243
2023-12-11,241701.44677752673,23.0,62.30149768020813,62.75436407614107,1211.4299745383112,66.80260277841073
2023-12-12,244681.19974943055,24.0,62.29645589694088,63.36171514636317,1215.0829484874823,86.07227062526466
2023-12-13,238128.06263401068,26.0,66.7910980183288,73.31196201138658,1216.4802900257387,73.35936083981892
2023-12-14,238457.9449024938,27.0,66.83911704296374,73.06356585408307,1218.2778837065239,89.74860264086142
2023-12-15,241381.42311499026,28.0,57.88682662295775,55.08087441613428,1220.5630404445444,107.97425270838973
2023-12-16,175130.4833931526,25.0,63.254450403083055,65.8782308774657,1223.180232074725,86.03234944705063
2023-12-17,177348.43026239204,22.0,60.70805471816506,60.018544500786184,1225.1076979646868,69.48838737427903
2023-12-18,250658.8248677982,22.0,72.58627525271544,66.77649564879567,1226.5093290923242,81.42613129793958
2023-12-19,248355.43849280808,25.0,74.3493290843754,73.39437801537846,1229.3144551154626,88.56820096342626
2023-12-20,244452.44588014623,29.0,67.26147906642375,67.2667693108599,1231.9913634054992,101.142145582062
2023-12-21,245183.53516838924,28.0,63.5188349448454,77.94865038760393,1233.3583441250482,84.17592235637328
2023-12-22,241416.88254144875,28.0,60.6503772616036,65.68510093608637,1236.5426983659327,99.58256980251018
2023-12-22,241416.88254144875,28.0,60.6503772616036,65.68510093608637,1236.5426983659327,99.58256980251018
2023-12-23,,25.0,51.249413184598254,49.111443043907414,1239.57885733329,61.64149265063418
2023-12-24,175793.86144431942,22.0,59.565229407361244,59.82831350503429,1241.786294531088,71.25811776422101
2023-12-25,247220.07424135238,22.0,70.71559137711174,76.67938957883638,1243.949972820989,77.53534958492777
2023-12-26,242787.67622579072,25.0,63.326241641942275,76.10320717790346,1246.4932190378818,93.10297209808921
2023-12-27,248341.3860569647,28.0,64.38467562233294,58.57782393667656,1247.9038565816768,95.53035290756236
2023-12-28,252562.3556520103,28.0,65.64049233132856,58.11277193936762,1250.027881765008,84.41033988544761
2023-12-29,246163.75940617258,28.0,63.79185429394091,75.38830931201164,1250.4059749293206,87.31449025148746
2023-12-30,179278.51088839574,25.0,57.5402795160945,62.98029449973012,1253.207139445723,85.05828500058547
2023-12-31,180552.76796684446,23.0,62.72183704476842,60.8360059764329,1254.0579448677695,78.32070498309497
2024-01-01,141873.11811245666,19.0,62.73899733891782,67.86434330174643,1257.3606807305127,62.32184814890431
2024-01-02,144471.56992724168,18.0,58.18014054693553,48.36537374246404,1259.1965846553396,60.99266676690133
2024-01-03,434780.6104557073,15.0,100.0,73.05976743567881,1261.1272510697945,83.34209213392178
2024-01-04,144160.30439419532,17.0,63.421945589146155,67.37666233553236,1262.7250639449271,58.37409054911946
2024-01-05,140774.76086457816,16.0,64.78594236700313,71.45010459129166,1264.5946328457894,59.26457538186549
2024-01-06,103752.12069703577,15.0,62.25884998415211,59.737600225859,1267.8294579219078,72.36164797923772
2024-01-07,105716.05716498179,11.0,67.92428623468753,69.76786479476682,1267.9392109966798,34.53818174923809
2024-01-08,149962.97443118016,15.0,71.89081197912401,67.88552645300128,1271.06078330555,43.5170722403153
2024-01-09,148092.68330434084,15.0,68.87657879459701,71.3781818140492,1273.4312020904317,64.4676877712374
2024-01-10,152965.52983004623,18.0,61.41729038556341,59.65710069663562,1274.565584772146,60.03354060573582
2024-01-11,141380.6097484478,16.0,66.26290413735342,65.96981911408163,1275.8053348577064,57.47562110333819
2024-01-12,148036.48254688273,17.0,59.8817652334961,57.926335212845736,1279.2464492794732,56.558131329440904
2024-01-13,104877.3360229534,14.0,61.473529814477594,67.43450506070036,1280.5900437755188,50.71055276774044
2024-01-14,112973.1637328707,13.0,64.27380051661079,70.71129599657195,1281.7673633670422,63.85706099745216
2024-01-15,141605.6068585794,15.0,65.68100919899344,66.37170450940768,1284.777215000934,64.15762722759672
2024-01-16,141577.1126312769,15.0,65.99399147557341,67.98638315525888,1287.1480573019626,64.63815371514592
2024-01-17,142635.62941822392,16.0,57.509790578353204,53.76487538951484,1288.4977168407336,48.79179712134886
2024-01-18,136634.81710276078,16.0,,62.93277645587748,1290.771016821057,50.48206805187197
2024-01-19,143124.57991327698,16.0,65.49439306130334,67.14449136383395,1292.050414674145,37.44691246245604
2024-01-20,101597.32535378523,14.0,61.02071835364458,76.92054013806555,1295.031071792883,46.088818011851714
2024-01-21,105305.41514590483,13.0,58.63947963385403,56.35174857821241,1297.9801685647815,58.18273351082341
2024-01-22,146886.22390310865,15.0,72.56502249019788,80.3729041859205,1300.5057735238393,62.268434673379076
2024-01-23,153121.08335686353,15.0,65.20487347867036,72.14819265026533,1302.8951023728366,56.81149814322969
2024-01-24,149515.2953527442,17.0,68.57880916093795,71.26622935120103,1306.4040528727307,62.756275436188915
2024-01-25,143503.18537735037,17.0,65.41651487376711,76.12631431998936,1308.5038019346412,56.99233125471587
2024-01-26,142314.34131460657,17.0,60.926422770494305,65.60166557942976,1309.6583026343046,64.0567749992189
2024-01-27,107091.42068602602,15.0,67.15246853544154,,1312.1178817645705,61.403565567924964
2024-01-28,,13.0,56.81061133792432,60.182885805251736,1315.8867194042,37.22747343797083
2024-01-29,153525.43506341742,13.0,76.84424922085752,82.59324378877916,1317.1749118096513,56.412846926318906
2024-01-30,151014.56048288516,16.0,70.51029064033023,76.89057868131862,1318.9857415962963,68.20774972429557
2024-01-31,144517.29739158117,16.0,62.6849997830264,62.01961338894005,1321.4188984267773,56.96153092261409
2024-02-01,155915.46188363648,17.0,71.32819416906608,65.46631936225903,1323.4757745475729,69.01418291307297
2024-02-02,168291.48949666164,17.0,66.8027538803451,67.42729991729779,1324.7899316832709,86.81789508049724
2024-02-03,116890.32061898953,16.0,61.67282319647824,60.33806573519436,1327.7874179682553,57.463331094447774
2024-02-04,122377.50524789383,15.0,63.95459705498698,65.84605477091282,1331.743450545869,59.53864008997611
2024-02-05,156822.2893648225,15.0,68.82533192731474,,1334.000355713088,52.969481771022785
2024-02-06,160910.4999081849,17.0,69.82678154087355,68.5749169572649,1335.3771010812995,65.2273544050347
2024-02-07,405153.7352504988,19.0,100.0,68.65203556142826,1336.2379326612565,100.52784690076345
2024-02-08,163711.92237505896,19.0,57.205249689257336,61.054313425447845,1338.5443134462337,70.1482144401408
2024-02-09,161831.738114083,18.0,70.46778538005432,75.61638271506989,1341.5274153208866,57.99482693828914
2024-02-10,120384.19972938999,17.0,53.23835013607539,46.35623343893729,1344.007549518083,62.51696233908355
2024-02-11,113700.07828246962,16.0,64.08824232540314,63.23709238649604,1346.105626445348,69.779987459687
2024-02-12,163386.48205991482,14.0,77.28354686845478,77.88325595616118,1347.7342091239163,60.64217571809176
2024-02-13,164545.1825268476,17.0,62.82015790793866,71.25652110848525,1348.9604782177419,71.74535368780802
2024-02-14,166229.755336235,19.0,62.928298520004795,62.88312657847282,1351.728279278802,66.88477163822165
2024-02-15,167126.45951235556,18.0,61.65373516995708,54.940224605756285,1354.5592965759101,72.54280246098749
2024-02-16,159889.4316326485,19.0,62.77466499252262,68.31828922384878,1355.4227127465579,70.5613391963886
2024-02-17,112300.66331705751,16.0,58.48027758213104,58.607410121576685,1358.7945839291021,50.38410443567594
2024-02-18,123625.58728759403,15.0,66.26563603629033,62.06417553358047,1361.3538409058174,59.0529149344589
2024-02-19,459557.7983053623,15.0,100.0,72.94220257409698,1364.573516621934,82.63647577170899
2024-02-20,161826.05385377377,17.0,72.31753965469946,71.93140493548032,1365.599814423146,58.80339353611778
2024-02-21,171132.6079020901,18.0,64.45295657311267,63.53864193579907,1366.6071550988138,68.35590637953192
2024-02-22,165498.69853717144,18.0,64.9856886314611,55.960720619673545,1368.5879796509996,68.81511126611645
2024-02-23,169861.18873625528,20.0,57.119172748085276,65.18066918290388,1371.090207192516,61.84731502724094
2024-02-24,119251.51392564044,17.0,56.47771014593014,66.55654332313773,1374.6272958508575,69.23987609892811
2024-02-25,127302.19169952795,15.0,67.69478818998242,72.41344050868346,1377.2921589819096,61.35773201732259
2024-02-26,172489.36336977282,14.0,81.06517349509335,74.1637104439506,1379.1980139604602,52.09479182177293
2024-02-27,164580.14340608372,17.0,62.25240392488305,63.79446547016886,1380.4769185943271,51.775457591233604
2024-02-28,169570.2838038174,18.0,64.08800396779083,66.23779659808537,1383.5609190525026,65.58255383916365
2024-02-29,168373.5037983406,20.0,63.53839285956582,68.82468623546221,1384.889154711902,67.69709091453704
2024-03-01,171374.52623012938,20.0,65.18608206737052,70.49056809748683,1388.29192955572,72.38844669098621
2024-03-02,115666.06615767958,17.0,55.87043509593492,56.02547908285546,1390.1644218360348,57.65681619751602
2024-03-03,122347.72583999374,17.0,61.90895061562523,64.93713827456799,1393.536887494129,44.98575965493164
2024-03-04,170457.69794739835,16.0,68.0255062532519,71.70680702567773,1396.1800325261763,59.100583437406826
2024-03-05,159297.04205430753,17.0,66.25918475795415,75.28645941709716,1398.1704361346224,61.264364807066855
2024-03-06,161706.9659493369,17.0,68.90026724258294,73.64274649318997,1399.8549190371614,68.95341185113989
2024-03-07,158391.0712889596,19.0,63.43855531503983,69.69612768890946,1401.6821927352848,62.66918275034708
2024-03-08,165578.37266222178,17.0,65.60917035747984,67.90646942563068,1404.1248460891848,77.59553593399554
2024-03-09,122940.24902318385,16.0,61.14156844235066,70.96555047989804,1406.286571286159,43.50072656244124
2024-03-10,126157.2682083841,16.0,61.79124719939666,66.48181173931481,1407.911522159704,69.51606212708043
2024-03-11,167276.3791216791,17.0,66.1551924322423,63.618714394925995,1409.8790170314498,62.498254776126835
2024-03-12,173602.46218228515,18.0,66.05181301917708,74.85830026596761,1412.0418786552254,73.93062169617532
2024-03-13,161675.59416714043,19.0,70.29296268141209,74.72388650782482,1412.4388913796934,69.13792446922841
2024-03-14,160490.47024257938,19.0,65.96687052814387,65.55827631687269,1414.9054258715244,77.53251897217098
2024-03-15,167189.80920441353,19.0,63.53154652020612,63.427772379168694,1416.2216488917509,65.80054047711229
2024-03-16,122150.66179575722,17.0,62.96796768708289,66.85725187537014,1417.3989829691864,52.26055680148173
2024-03-17,120561.38100762361,16.0,59.8271610801181,65.17765284043242,1418.149107491498,69.99570137979423
2024-03-18,159466.23159984048,15.0,74.55010304981683,75.6265437680095,1418.8139934932033,58.22148090314284
2024-03-19,167487.51984194884,17.0,69.14868725536476,71.87549317150624,1419.8296354907136,66.0881052714902
2024-03-20,162734.12199798058,18.0,64.96201377681791,75.46939789433624,1421.3624187246091,76.15658328390182
2024-03-21,170738.69019532014,19.0,67.02891983766527,73.98085163130665,1425.0250260346304,60.90606294393413
2024-03-22,169634.3929843874,18.0,60.184359279597004,64.10066538000272,1426.7043222939144,71.54341012308196
2024-03-23,117399.20085469059,17.0,54.88810536454362,63.61703719547232,1428.9465223789286,55.997110076991774
2024-03-24,119181.01233065322,15.0,57.53911543291801,55.86867282869672,1431.3669074881338,55.18105933839296
2024-03-25,164255.14591244422,14.0,73.5227601017575,75.80784333114005,1433.5717596371064,57.75967391115874
2024-03-26,168349.28361090733,17.0,74.74254793160361,83.84057009394846,1435.6098048685255,52.388007712142375
2024-03-27,172528.56928200496,20.0,73.15269565442284,72.43192704657642,1436.7535698576464,65.37287171596508
2024-03-28,164873.09581465783,20.0,65.70467203817482,63.32556798744444,1440.0143118962694,81.86345701041428
2024-03-29,170940.18606207139,18.0,68.67498321553866,66.67954212946563,,73.97595229154274
2024-03-30,119582.00952651021,16.0,53.78629659079738,52.58087208592597,1444.3139422558818,58.080095423020374
2024-03-31,118609.30867095062,16.0,58.64909172823145,57.995463841946645,1445.5947193831726,60.45714717727203
2024-04-01,168819.87856018177,15.0,68.45779633243356,67.91369657299671,1447.4708711092712,57.47081887909187
2024-04-02,165215.0307103225,17.0,64.81129687582174,59.82120240476419,1448.7992408733428,75.02689538243663
2024-04-03,167249.4027786113,19.0,64.04970145127669,66.31785283076938,1451.3040133161076,67.32780278791573
2024-04-04,164780.4884296446,18.0,63.8221522989118,70.56910770806267,1452.8213955541823,68.30476164060474
2024-04-05,177538.90053166557,19.0,58.32603843579593,,1456.6534404084275,78.8438096290629
2024-04-06,122388.41420788692,17.0,63.211069467327455,73.16527519207081,1459.7058792839025,54.88010178498493
2024-04-07,119526.21796802965,15.0,58.08847781319766,64.0247426931961,1461.975938508408,68.7570493891964
2024-04-08,170859.91964293687,16.0,70.94845407250578,76.9116661861249,1464.8975275190642,50.04531104077573
2024-04-09,169662.6878012367,16.0,78.07764421242429,74.17294260067874,1467.8822478585498,75.24222696061634
2024-04-10,169336.12160186708,19.0,61.35319052316438,68.35517855386459,1469.5310898681032,66.11343658595085
2024-04-11,172784.6668001737,19.0,55.41933182171602,53.875795955396256,1470.97811607247,67.40265591599915
2024-04-12,173466.03084018923,20.0,63.21512214911899,70.02333522347773,1473.1406305228452,56.57888066776426
2024-04-13,120669.67540955788,18.0,63.231792517627255,66.44463071306946,1475.9299394224438,59.653405177357165
2024-04-13,120669.67540955788,18.0,63.231792517627255,66.44463071306946,1475.9299394224438,59.653405177357165
2024-04-14,120566.16703742128,16.0,68.99666895973755,72.96359126771397,1478.1411877413666,50.35955335574764
2024-04-15,169659.79321139344,15.0,,62.600422244130826,1478.9795905556136,55.04821870099185
2024-04-16,161660.31534105766,17.0,68.69422013430079,65.48002689605761,1480.4373310004532,62.84405693201214
2024-04-17,164915.2357512058,19.0,62.5160057251974,67.99894567142486,1482.4781527095774,76.44879647361407
2024-04-18,176551.4970697781,19.0,65.67348940930842,62.79705150632573,1484.5176202261168,71.28666477573573
2024-04-19,177771.87085400513,19.0,76.8550480001607,78.80006986062418,1488.1956539675487,72.1779379300724
2024-04-20,122339.8558417745,18.0,53.0766690417702,50.62564620111493,1489.1868636136294,54.658024438613715
2024-04-21,125719.98785222306,16.0,63.08290077378226,69.70719168235915,1491.6913350070984,52.01343643204367
2024-04-22,172761.00061817415,15.0,74.21761864711475,68.21147834384925,1494.9826254937607,74.53474553753092
2024-04-23,183939.52323382095,17.0,74.7312506764824,77.54650022958354,1498.899785290099,59.67919389678488
2024-04-24,176210.2996457383,21.0,63.95812851797017,69.29465748260615,1500.6762673515518,87.4713260625877
2024-04-25,171328.32963407694,19.0,66.55741292578158,64.76207124847738,1503.169410913728,67.31958002430714
2024-04-26,168125.8382375983,19.0,63.285234368158235,68.53832032995024,1505.7252191994871,69.05375317697472
2024-04-27,117454.5347189697,17.0,60.48082454945486,64.68687095623167,1507.9816045847294,69.34376701178688
2024-04-28,124771.93454346886,16.0,60.52875887076164,60.72879781564563,1510.002528423738,69.18038726776388
2024-04-29,169246.59701886278,15.0,74.17511538192528,69.29731888515919,1512.4513087353382,59.01880050648918
2024-04-30,166690.9851616093,18.0,64.53016592568883,56.811004282188165,1512.5255118671623,63.52740939589506
2024-05-01,169901.7084630299,19.0,66.62273372265959,70.04643721462614,1515.1711674592127,68.72319064954584
2024-05-02,168269.80798554243,19.0,64.75605853502387,58.98083297120882,1517.372109782142,71.75840501831566
2024-05-03,179452.56654029025,19.0,71.03031072560665,72.30096957769186,1519.2941298647195,76.99180645208855
2024-05-04,127951.1990277978,19.0,58.70776588406885,60.64897162684384,1523.0316196212952,66.18998277699765
2024-05-05,124470.50943473353,15.0,56.21306273920866,63.36616406855791,1524.5916724062627,61.64182067899751
2024-05-06,178947.7765555601,16.0,76.4588342569358,74.65683990809931,1526.369211615011,76.02533416573937
2024-05-07,173445.47323059046,18.0,63.43957325651446,64.1044196734761,1530.0624542567743,70.18359885231764
2024-05-08,,20.0,61.22910803652389,67.6426399506606,1531.4968052128947,73.97288854871891
2024-05-09,179444.49630907862,19.0,64.14227163033989,67.9891074496925,1533.1567129865452,57.72013728015614
2024-05-10,175615.64017473863,20.0,70.15875242730488,72.70778172775779,1535.1390926478007,50.85542496897865
2024-05-11,120819.97538269416,18.0,50.308708257784026,57.59330455526985,1537.9116802335045,66.45710968290767
2024-05-12,124285.36528766557,16.0,74.36711339584367,66.8158301006394,1540.1779222393868,58.234755524181814
2024-05-13,170281.52698646096,16.0,74.11416715089699,78.07527712065252,1541.2438219616652,58.187628807211205
2024-05-14,168360.80107614264,19.0,65.77951575658685,70.68595657533749,1542.9180871111635,71.02912317775825
2024-05-15,177704.71019012656,19.0,66.04817113311691,62.755121263611045,1544.5322035645936,69.27165065618004
2024-05-16,181745.6665618805,19.0,68.00728480058359,68.18542547209587,1546.5704267284154,79.06963399135171
2024-05-17,168621.72970472343,20.0,65.76336296945834,67.41415393742852,1549.011101655319,72.09722666274764
2024-05-18,127765.15694676228,19.0,61.466702971349186,63.500878455070676,1551.4456662600296,60.18914669707158
2024-05-19,122988.46972351268,15.0,,68.86939686112505,,64.5264621220241
2024-05-20,172591.49846494122,17.0,68.87165444553705,77.25415746558556,1555.0760096468393,63.04976423063539
2024-05-21,172278.42430304454,19.0,64.67629706976763,72.14987129417824,1557.378064723637,73.58632986881912
2024-05-22,171300.03692128073,19.0,64.71593549400176,60.211652428044374,1560.5856903617118,65.48676603806712
2024-05-23,175058.08651177931,20.0,63.803071908354255,69.15280747821365,1563.0410490235445,66.68389861578667
2024-05-24,568056.6702802195,20.0,100.0,76.55582552897614,1566.022107389733,113.36406415580109
2024-05-25,127139.42730311934,18.0,62.21164899108214,66.70336179631173,1568.495343638893,63.93118101096389
2024-05-26,125934.40756220346,16.0,50.34402521409213,60.730122297203536,1571.6723242438554,62.974842409333604
2024-05-27,174340.20781253433,16.0,73.22597335991392,83.64213091643497,1574.1901247526694,60.47420803166825
2024-05-28,171773.7453518336,17.0,69.15717792277,75.44429006875092,1576.2117925555153,50.05326043612807
2024-05-29,173204.9146777267,19.0,65.52776659646297,68.66875625537902,1580.1297403318727,65.99599558901032
2024-05-30,178641.56490330302,19.0,64.85215621814903,72.107167344943,1582.9409700296967,76.2023284872111
2024-05-30,178641.56490330302,19.0,64.85215621814903,72.107167344943,1582.9409700296967,76.2023284872111
2024-05-31,177731.6687504975,20.0,69.45459634126433,71.28811623849592,1585.4999655665004,69.71322148969196
2024-06-01,122691.6990208058,17.0,64.05963907955365,66.36722648006769,1586.5789220332695,59.24711228294048
2024-06-02,127077.0092217169,16.0,59.214632792349484,60.61463505531093,1587.6482759392989,67.12175372276458
2024-06-03,179057.54849348712,15.0,75.1539870635298,82.94025644498437,1589.9824483250122,54.97534421717553
2024-06-04,169482.37887551452,18.0,62.55751835896552,60.95387135746241,1592.1988652832267,54.552991329810986
2024-06-05,178441.44076951974,20.0,59.53934324030129,70.29331321563161,1593.8075672312202,70.86465391407873
2024-06-06,173725.5049642166,18.0,64.59932659860958,69.17878189758952,1596.0203533909096,63.33046035170007
2024-06-07,178766.39467437263,20.0,68.55302176264,62.8458865361023,1599.3912549333447,64.44740982064437
2024-06-08,124093.20337382992,19.0,62.15556426787897,66.5626978792603,1602.0475769129848,64.53591947135952
2024-06-09,120004.47159734192,15.0,64.52133724875833,56.116937260748536,1603.2347701051826,60.36151379006353
2024-06-10,170297.83024846736,17.0,71.03478471610563,74.9553678570397,1605.2455630434686,64.58582355034711
2024-06-11,177108.33978664552,18.0,69.69872856484524,75.18514026682115,1606.701589858786,69.91145359835346
2024-06-12,178062.89000688592,19.0,63.75476576017512,63.04203282987983,1608.4914299256595,84.33696643156217
2024-06-13,173514.73349958236,20.0,66.09366833447493,68.49267314735785,1610.2605373931558,69.06456299817751
2024-06-14,179794.36983510948,20.0,68.44944040321435,79.53033949132292,1611.9784209270724,74.487833827996
2024-06-15,121044.47975092416,18.0,61.903599597475726,61.9941461566709,1613.074312629494,59.35018594762275
2024-06-16,127504.00080541073,16.0,67.13674784413764,63.41486034002712,1615.072188884279,52.51163231037174
2024-06-17,172719.93520095016,15.0,75.17237247972317,82.54621499609154,1616.7237027748015,55.5560622792536
2024-06-18,175064.65556879135,18.0,68.72093449249567,79.78968354665052,1616.4801438227996,63.485888072376945
2024-06-19,,19.0,70.5875024755323,71.48848033966509,1620.2225214424009,72.70778779748863
2024-06-20,174446.3465388642,20.0,,71.56988781841436,1623.1935371657744,90.67719162289804
2024-06-21,176457.7778230807,19.0,62.555930939552226,71.7521243292962,1624.992496585834,63.9984400937709
2024-06-22,132260.05123685775,18.0,59.98411944961167,59.27487439699742,1627.1075518256268,60.909170367196374
2024-06-23,,17.0,57.837315302060546,58.8433230648091,1628.2702283477727,60.983721625087306
2024-06-24,181662.76844826055,17.0,67.31125634299326,75.00337764016828,1631.7268066500214,68.66510066971775
2024-06-25,173909.17258136952,18.0,66.55677826620706,76.6704940065082,1635.34463760584,69.35563114366137
2024-06-26,180655.21671166114,19.0,63.534201975797316,68.64176588150963,1637.569992588437,80.31141228247567
2024-06-27,184410.2744826316,20.0,64.66414916161325,62.33224756178034,1640.4888171037855,53.204111291580716
2024-06-28,168865.42199949085,21.0,55.00944036797825,68.94285785287981,1642.7290465269325,54.70629702473528
2024-06-29,125591.61897811809,18.0,60.449094136233576,60.704420819927044,1643.7596661758316,59.807786934411446
2024-06-30,131165.24850872214,17.0,61.67424521717972,62.66370726788652,1645.530207480661,70.65187255204617
2024-07-01,178263.81845582803,17.0,66.18208442900726,69.65735671565392,1647.7357498540782,52.74107475086298
2024-07-02,180668.5834934852,18.0,70.82649891858767,79.43200123844402,1649.4721116790838,43.683674579601515
2024-07-03,176876.05925313671,20.0,68.58827620147845,74.14050084394388,1651.3971890571356,76.65058269425664
2024-07-04,179746.3591498916,20.0,58.810820896846316,64.12298421928661,1653.4240694111284,74.23862076829577
2024-07-05,178885.29105843167,20.0,62.06924490123129,66.97183857157556,1655.4593666128362,63.50725921621482
2024-07-06,133994.64824663923,19.0,56.73009489184348,60.60164925669212,1657.6011734052338,58.81012543426793
2024-07-07,130418.96337320485,17.0,57.78651934817461,64.01991305113222,1658.8526893521166,54.072002667629974
2024-07-08,181182.4106483008,16.0,75.12129850154273,62.449238412762675,1660.3790764328144,64.06637339840101
2024-07-09,178292.49213551014,18.0,,67.15174096291747,,62.57231663787488
2024-07-10,178097.57510371003,19.0,65.26775981692414,68.42081752812321,1664.3336614600034,73.82752589972395
2024-07-11,178425.7672487215,20.0,57.04016547216192,54.877061959632,1664.749143906531,49.36594961566783
2024-07-12,181841.80856951317,20.0,68.07698803349281,71.39320701585206,1667.7720161811847,65.59642050838812
2024-07-13,128183.90207671895,17.0,56.21985029755221,58.953524133111166,1670.981095698995,52.66989476893792
2024-07-14,131104.69942758564,17.0,61.89915070193044,73.29669905312181,1672.8393512294087,59.83932310108211
2024-07-15,188889.60319458178,18.0,70.58174047086807,79.33049100276875,1672.8568415591471,64.05019294061746
2024-07-16,184180.49881372676,19.0,72.66761207228672,70.80506181223856,1674.667793109573,76.7036581284718
2024-07-17,179499.90587132864,21.0,58.77086307856974,61.26250190502231,1676.716445780542,59.71878165788695
2024-07-18,185716.85568865578,21.0,52.75954493764275,56.83789812207224,1678.007967204599,75.4060181950861
2024-07-19,489923.453841429,20.0,100.0,65.4825772254173,1679.6957924895523,131.84119306834776
2024-07-20,122259.66185928856,19.0,65.27408051600972,68.1943893329484,1683.019948648643,80.72219044032838
2024-07-21,126457.57475633039,16.0,67.15319800318599,64.93114805811085,1685.6518903784843,55.40715072966483
2024-07-22,173860.83231589658,16.0,71.35686194178268,66.43241287873853,1687.012239086982,65.27102481153138
2024-07-23,180045.94606383477,18.0,66.12582208322004,71.01421378607738,1687.8341597513056,53.29841196523985
2024-07-24,181633.6735167582,20.0,68.73457872845887,73.13531090387615,1689.6725458972178,53.3173904772236
2024-07-25,188373.74924910112,21.0,61.29873915010275,60.01741252178224,1691.6017804737373,82.00199965055208
2024-07-26,183083.70949505668,21.0,66.39087020034582,72.58947331408966,1694.0987398236282,74.82035376832431
2024-07-27,130080.07788476453,18.0,62.31812914739442,61.696614672088884,1695.770486453574,73.5659578323715
2024-07-28,134351.86232473396,17.0,66.43671400275555,69.41519739239435,1698.2796861138634,51.15612540164348
2024-07-29,173255.45876396846,16.0,81.45060171122105,84.26220143203912,1701.9278093459116,66.80242146773429
2024-07-30,183150.45823243426,18.0,70.14642424267667,70.94907657062276,1704.6802101638668,82.91629721154506
2024-07-31,185399.46077554784,20.0,63.99904824138629,68.47294315381471,1706.7417393580026,76.09490804287204
2024-08-01,176509.65501688063,21.0,63.5039341545798,63.220999104225974,1708.6952189811598,76.61534687382935
2024-08-02,187107.01617282772,21.0,57.94720866674477,60.37543401625533,1710.5098804738159,75.23554471940166
2024-08-03,132854.78562997765,19.0,56.85932088672822,59.458159554980874,1713.5543932037776,54.08821794314066
2024-08-04,129917.4083443968,17.0,59.826141575167476,59.12802152743279,1715.1525424470165,72.68158716902207
2024-08-05,185387.12746442514,18.0,66.82939177136971,67.57964260151687,1717.2887206142166,63.24960007813565
2024-08-06,192046.77143121758,19.0,68.99716466811847,62.45464024017605,1719.4296789357215,74.95746301462918
2024-08-07,183799.46502023394,21.0,61.291483848544146,61.57741834312479,1721.128251581472,62.432818688432604
2024-08-08,184172.88234520133,20.0,70.34678192365372,69.85304807207463,,63.22507009346869
2024-08-09,181450.556401839,20.0,65.48120219951362,66.104062997134,1724.488658746059,83.9472472264156
2024-08-10,128645.74252214083,18.0,60.035249489879625,61.820712362549806,1726.5398555685747,61.27975570586731
2024-08-11,135444.223266177,16.0,62.463282487711176,64.66180499086829,1729.040047944124,71.56778525359559
2024-08-12,180187.66469636452,17.0,70.38903464412554,,1730.7131676989725,64.84254668090598
2024-08-13,184006.2649488776,19.0,70.49961604982668,75.77227821052398,1733.789824738023,55.618507758288814
2024-08-14,181917.37021293954,21.0,60.860933166877544,60.43992039926071,1735.1884057130535,81.9489025642321
2024-08-15,185851.91930298557,21.0,62.22319088243119,58.762548428999224,1738.658037940268,70.37917081019098
2024-08-16,185378.64842114778,21.0,63.57745793132619,60.65174428384543,1739.3599287324053,80.65428247315383
2024-08-17,136739.5997770316,19.0,54.828930633903184,56.427129901147914,1741.8077447840508,67.1583240619347
2024-08-18,130627.134404581,16.0,59.6522743271119,60.962212872606976,1744.2880893300721,47.261495388739924
2024-08-19,183288.5002588265,16.0,70.26820278672527,67.36458189839293,1745.7516436757194,64.71353973508478
2024-08-20,180560.94513687078,18.0,71.67027827577262,65.85563929936862,1748.1911588260082,85.38245307551037
2024-08-21,182806.82695969555,20.0,66.72107489105335,66.09625577547175,,76.52865786909781
2024-08-22,186201.2019721794,21.0,65.676729212259,68.44851647037706,1751.641318690333,74.67326952894913
2024-08-23,187827.9544665814,22.0,67.38170673406455,71.88051271642946,1754.1435145363257,86.15920329839356
2024-08-24,129445.0987032895,20.0,57.627968926145755,,1754.2488978800616,70.43031898330312
2024-08-25,136689.9436804226,17.0,64.14400128783554,64.25021191955128,1755.5763660372431,64.03189166772134
2024-08-26,190546.5514352198,18.0,69.317877481027,65.82081044058505,,59.8069014287287
2024-08-27,186885.7396128948,19.0,68.68630720888292,69.79184991523246,1760.6142735024503,72.4523617347971
2024-08-28,192847.18325023225,21.0,63.460162076914656,61.52598649057766,1761.775169530923,83.90323882199266
2024-08-29,182352.8432035857,21.0,54.632425135320474,61.571579174462386,1763.7168193477353,68.17709038869124
2024-08-30,180577.38118675433,21.0,63.613128538110935,56.96117037081819,1767.4711444182662,86.13659922614256
2024-08-31,126563.1990043829,18.0,65.43850639184134,65.55265675121078,1768.1057986205014,63.20644991409695
2024-09-01,139740.01724595673,17.0,66.79089714259936,69.93825441003821,1769.3647506911898,55.483638124930465
2024-09-02,188497.46262541623,17.0,75.00269902031542,75.92133179786487,1772.6626960377334,74.07991532468752
2024-09-03,185765.6613163582,19.0,72.40381427410782,86.38821973918874,1776.2488579125636,68.21856451993794
2024-09-04,187215.8745052793,21.0,65.3927012587726,69.06316112985762,,81.3029994175177
2024-09-05,181702.04381080647,22.0,63.98534401881166,61.16800223083928,1779.3748707711102,74.80066549723429
2024-09-06,196095.0079184673,22.0,62.562879268898456,64.57298217967342,1783.1515455725576,77.69531427349605
2024-09-07,134739.2847279009,18.0,59.758927899436664,53.92591065221708,1786.5270994859568,68.49138091135576
2024-09-08,134737.73917841958,16.0,66.11393504392836,67.48814928865889,1789.1702570761665,62.263990878657985
2024-09-09,189539.06649559477,18.0,74.38910549741155,70.34600411292546,1790.6203351970169,52.527367467719955
2024-09-10,188668.03692694686,18.0,68.87987688032591,74.68085288206154,1792.6811117243462,59.46053759030705
2024-09-11,187747.53609711656,21.0,,62.89903282317067,1794.6528236595104,82.71300297545788
2024-09-12,183798.10217821872,20.0,65.81214221396438,67.06588419219527,1797.0175047032028,71.63408406589183
2024-09-13,188953.87342854397,20.0,68.93886165405193,66.97330011621953,1800.278305853708,68.87504183250496
2024-09-14,142294.81798590012,20.0,54.20647136110172,67.05943384814803,1803.0818394866178,58.83899751653142
2024-09-15,140226.1601846199,18.0,52.69460652836197,,1804.31993862503,56.3137049160317
2024-09-16,193764.74650655757,18.0,68.03074845868585,78.5873839843447,1807.5211357850458,52.634438832878445
2024-09-17,185455.13729427525,18.0,64.05350715684794,70.31356453606968,1809.871641497056,67.40209239405664
2024-09-18,183649.5807189657,21.0,62.528557405268614,67.43317956089182,1812.5212941337431,70.20886882595302
2024-09-19,187212.8523196014,21.0,64.44654543545272,68.40090208494978,1815.7945268211663,67.52273137635835
2024-09-20,188046.89964915477,20.0,64.59367833176321,68.64392915649184,1817.0052626215554,72.46742674140539
2024-09-21,139687.8060738838,19.0,66.45807897797073,58.528100285648534,1819.0766021585903,70.13991247912979
2024-09-22,128618.9414811407,17.0,62.55573451051147,63.65017063765541,1820.7514385175027,78.57005668051843
2024-09-23,194266.20127784243,18.0,71.513034720073,76.43621763198,1821.5971509772103,56.76065695124815
2024-09-24,187623.96840568405,19.0,70.22280902825041,70.93376130522981,1823.9745189592945,79.95835453614889
2024-09-25,186656.47572021032,21.0,60.40792496860878,56.300390740869155,1828.083764200562,83.00960962586282
2024-09-26,184423.58249895932,22.0,67.69995994198234,68.89794570069853,1828.7117020049573,71.13576832978194
2024-09-27,181960.57331253693,21.0,64.0321748245443,74.7462674409129,1830.7858775161176,76.5146514212866
2024-09-28,139148.04233584765,19.0,63.25034514374206,71.83473469266724,1833.3983118641775,63.53919842590932
2024-09-29,136226.39186875365,17.0,58.21813093023202,61.264484697355456,1835.5967744255026,63.86909971829306
2024-09-30,183744.15640103575,17.0,64.14079433522306,71.06988185346889,1837.60627198349,77.87945884329832
2024-10-01,183831.68491174554,18.0,71.95461004001764,70.73115293017385,1838.6668988927333,72.96237579718061
2024-10-02,187776.8612028395,21.0,66.61873482040043,59.77562992218675,1840.9531282870853,79.3841983908254
2024-10-03,195904.08610115756,22.0,61.400907555819195,59.49839610400758,1842.4477171054725,74.76316288942708
2024-10-04,188297.63459454555,21.0,61.70409212316818,,1842.79577974149,63.48178646921441
2024-10-05,130387.10818752757,18.0,64.84589324182247,65.50674918431146,1845.8514535179008,62.607278886209116
2024-10-06,135494.46774365622,18.0,56.38340211017566,58.88980179126544,1848.7181621737745,74.29781750745447
2024-10-07,188569.1057210093,17.0,77.72363683920301,75.679718489988,1850.8594909552553,53.94662503559452
2024-10-08,178980.4534282337,18.0,64.32363626745847,75.97959196183182,1853.1427507058197,59.3386204769604
2024-10-09,189658.82053392875,22.0,66.76541093261542,76.54212332290265,1856.1022051159923,78.77658865890434
2024-10-10,189060.26187916528,21.0,63.97026358442526,77.2701120347809,1858.381676841415,67.54385986210022
2024-10-11,192876.82545925365,23.0,65.96485327151524,66.97665656521193,1861.204890885224,73.96586760582325
2024-10-12,144339.82437978138,20.0,58.09260666370656,62.952207774700724,1863.0669051245247,66.51202999544763
2024-10-13,141528.02011819105,18.0,61.431286460451425,56.56181642125718,1866.2164921153837,54.16784419227702
2024-10-14,189340.4452377807,19.0,68.15138131967285,76.90577718632964,1868.5731206961302,63.048110013256306
2024-10-15,186097.89636503332,19.0,63.49965149583955,59.960823440331964,1870.8283622510148,76.23677361697332
2024-10-16,200925.43921299945,22.0,68.61343704555291,70.97462745525549,1871.9123133800451,68.13080613907961
2024-10-17,190976.87373605798,22.0,62.327251623575805,59.375288660696434,,65.09227660621949
2024-10-18,190903.71716765178,23.0,62.39676850811535,61.973080672798794,1875.676314129491,75.13488630729906
2024-10-19,137391.81965155998,20.0,55.31598473426677,55.06647563216492,1877.2656879482684,75.26709206241809
2024-10-20,138358.4190430714,18.0,51.338574152337316,53.03148301849077,1878.7133874456154,63.298778637500995
2024-10-21,190594.55835230424,17.0,70.72345302291559,68.88314890258758,1879.960399500096,62.61546254939104
2024-10-22,,20.0,76.18891675046929,73.20978942575005,1883.7602166225095,73.4860318882206
2024-10-23,189200.56423503844,21.0,68.44191854107214,73.92020439175926,1886.9252878721,61.48742388274751
2024-10-24,191364.98691913602,23.0,63.29045209515398,60.108047710810595,1890.5615818738156,84.17735483448132
2024-10-25,189430.30091546493,21.0,64.28266283520722,67.52883740323512,1891.6832658581711,78.54075242096722
2024-10-26,135181.25686929133,19.0,60.07192858862216,69.14733863242552,1893.8402688580998,63.68652690794776
2024-10-27,138536.12091076758,17.0,65.07561983644847,64.4945140465918,1894.9054627579364,70.64275765472769
2024-10-28,,17.0,66.81611063633198,64.86329405532757,1896.4489068561788,57.34735793168156
2024-10-29,198051.97195433071,19.0,73.7327016702319,72.83353821028426,1897.8144052694456,80.51400497078028
2024-10-30,181540.12076642795,22.0,66.03693535664496,73.72817432711953,1900.906072474599,78.45219934217535
2024-10-31,196618.02740768983,21.0,69.1682486790558,71.30513709801141,1902.6890887321174,73.30680555568956
2024-11-01,303142.3407699905,25.0,75.80915350057029,72.99125132741824,1905.6437921990728,92.7282530265121
2024-11-02,206500.7270703674,27.0,61.55851770095378,66.66619741670323,1908.2270889107435,89.68090832407714
2024-11-03,213544.06562367862,28.0,64.11082832310287,60.777201909300175,1912.1699999124276,103.11543289617944
2024-11-04,297174.43653601693,27.0,73.27911899717259,77.03009274995281,1913.0864445339157,88.45782601830112
2024-11-05,293197.55322112876,31.0,65.14677686533398,69.16045803077603,1916.193831125745,99.9031518559449
2024-11-06,295883.7332496365,33.0,62.88726929493049,63.77077308024997,1919.2109838220656,119.09744701815058
2024-11-07,294720.0966181367,32.0,66.27390093872448,63.82619175874344,1920.5322807516438,103.65597555694457
2024-11-08,306338.8817736945,35.0,70.77776095757751,67.18880415464473,1923.4379874208225,123.3752998967147
2024-11-09,219380.69757258982,31.0,54.91889527679222,61.60920290316333,1925.8069033912434,114.29135004856278
2024-11-10,220844.73237997666,28.0,56.28157042603808,66.17015885327578,1927.7249223832807,90.6763829563191
2024-11-11,302718.6882561729,29.0,69.97598912920793,67.79425256822238,1929.1657739937032,107.54167126044207
2024-11-12,295483.1929151311,31.0,66.97356355898616,70.87078436494636,1930.6904864325436,96.94944767876885
2024-11-13,298068.7189348809,34.0,65.31489301912315,56.816779322288184,1934.4303361091727,119.31787740553759
2024-11-14,302291.6982449117,35.0,65.23273328495628,64.26309797467903,1936.5308823643386,117.48506783800711
2024-11-15,295613.08876443224,33.0,64.26583371970304,66.25737231140792,1939.2565863655636,114.5872120312011
2024-11-16,219333.67372068952,31.0,65.83051709450244,63.115996590692795,1940.7238668602295,95.53933622953267
2024-11-17,215640.90640736744,27.0,56.02718976975281,55.13921994185427,1942.1999845032522,77.93449792491222
2024-11-18,299504.5167698016,28.0,66.72759629128939,65.04317925068709,1945.1655723506524,103.59363533089059
2024-11-19,304015.03987281397,32.0,66.26923896988548,69.47635481754024,1946.1859113814112,92.6019335163994
2024-11-20,303115.6532459441,34.0,58.4656656728486,60.83588744624701,1947.9537403670868,111.1149542967158
2024-11-21,300062.1353367237,34.0,64.08277196205663,55.07506140302044,1950.0809622959446,120.96499074669741
2024-11-22,306310.719213457,35.0,71.22530115428596,61.37674016025343,1952.2700603774165,117.72629404997588
2024-11-23,213001.1226896004,30.0,60.0241415746069,59.98498737039965,1954.226785749404,113.54106252771093
2024-11-24,219909.64642777707,27.0,63.797640448431075,68.32654528901261,1956.6434415742806,99.74246106866109
2024-11-25,304548.0050318736,27.0,66.63819647755803,54.57303296842025,1959.2977261789347,92.40639751242747
2024-11-26,301104.81424274406,30.0,65.72318203638261,65.07989474834794,1961.9854362153021,104.52224249872081
2024-11-27,303814.93208896846,35.0,62.87836446910682,62.67145229269835,1963.296793168368,115.64090369814599
2024-11-28,297673.34569445875,33.0,64.06312393797917,73.19218804142558,1965.169469090025,98.31369670953436
2024-11-29,306541.3080768276,34.0,70.44796725603024,69.43326474625988,1968.2252793795265,106.39275556384773
2024-11-30,217429.46345422804,31.0,61.9293110597639,66.45839377151576,1971.0409971295855,96.10396554399823
2024-12-01,216198.70791792384,28.0,57.239823530852014,61.498144525118924,1972.0427095684006,77.30044235791213
2024-12-02,307543.43690334755,28.0,71.83394158612901,61.81432086986722,1974.4238934886823,100.54880018806217
2024-12-03,,31.0,69.23529570279855,74.22927264539753,1974.9413132891827,104.59576153342107
2024-12-04,298048.3548145457,34.0,69.18044036763852,71.42133482139226,1977.0788612108308,99.92809079641633
2024-12-05,297623.0833059044,33.0,71.6518694072469,74.86283872417047,1980.6970748242277,114.21309934427568
2024-12-06,306441.03980538255,34.0,61.25273279620978,83.63337476914944,1982.0387606504125,119.6462998733472
2024-12-07,213891.05059001487,31.0,56.134545721733964,49.48707187989423,1983.471302214019,102.1610928050976
2024-12-08,226152.47272793742,29.0,56.871540133571344,69.12071535566261,1986.1825260392775,94.02917257136986
2024-12-09,296191.4823684651,28.0,68.77319342950356,68.58131714660108,1987.04828482711,104.09272762957843
2024-12-10,311472.42547316017,32.0,69.20219822857706,71.7984031048767,1988.6420808032017,115.12040311316352
2024-12-11,305698.0698688105,35.0,,69.55611675545937,1991.2192337132672,118.63609100082537
2024-12-12,304634.54755251843,35.0,64.14111464585062,64.19171004969027,1992.8118050351156,109.50461180416349
2024-12-13,303009.1236527642,34.0,63.75023110471635,63.15102024257928,1994.723029045347,115.8947506826899
2024-12-14,221453.0084574083,30.0,61.338870538840965,65.71864010893782,1997.418377613599,108.159815905041
2024-12-15,219826.45319030058,28.0,58.70896212333941,54.38130121531314,1999.8556144804281,89.09969479857614
2024-12-16,310104.20752806606,28.0,79.46293360848364,82.32324272439575,2002.1690691974645,117.15801394146493
2024-12-17,306315.3105946482,31.0,61.32073047807714,61.97561235803545,2003.9977713740484,102.81005318231837
2024-12-18,306627.0070458475,35.0,65.34376282515723,61.62466356492399,2006.3938202662637,116.51463587622627
2024-12-19,304738.75115114456,35.0,72.54770527074116,70.78809992661387,2008.3948341221837,110.74107468765874
2024-12-20,306132.81750511576,34.0,65.31484869380773,73.53762503935904,2010.8610786101244,115.7053897079982
2024-12-21,221931.36707556827,31.0,59.34625149682695,59.800325762380446,2012.56353299003,87.00825026365106
2024-12-22,213980.0144293735,29.0,59.293221945564625,64.2268456474998,2014.5174778105263,91.39869004803585
2024-12-23,301470.05831157713,28.0,69.51716988909993,66.95895453270258,2015.8255115764848,91.02634082118699
2024-12-24,310003.25637609087,32.0,72.69921517681396,76.94898139106927,2017.89750548848,110.67799599642471
2024-12-25,307881.0617525118,35.0,55.85798250605741,63.11392469879695,2019.3487047975768,124.3111827905969
2024-12-26,306629.0666545892,34.0,71.46237604892104,81.4129450056189,2020.5574676374472,119.13043635456887
2024-12-27,307606.1357322616,35.0,58.98754053674583,61.31221270190059,2022.8643965557312,97.36522958987776
2024-12-28,222934.18282144668,32.0,58.49948645216068,65.14286318551808,2025.1345883764177,119.66842157098914
2024-12-29,219505.34527876254,29.0,59.54112943988703,63.12324124960435,2027.8608873643764,98.5373177320172
2024-12-30,304921.3810983908,28.0,,79.83066461844183,2029.6159869087164,93.81038523843682
